filename,class
0.png,5.12.1
1.png,8.3.1
2.png,8.3.1
3.png,8.3.1
4.png,8.3.1
5.png,8.3.1
6.png,8.3.1
7.png,8.3.1
8.png,4.5.1
9.png,1.15
10.png,1.15
11.png,1.15
12.png,1.15
13.png,1.15
14.png,1.15
15.png,4.1.6
16.png,4.1.6
17.png,4.1.6
18.png,4.1.6
19.png,4.1.6
20.png,4.1.6
21.png,4.1.6
22.png,8.16
23.png,1.26
24.png,3.13.r4.2
25.png,2.5
26.png,2.5
27.png,2.5
28.png,2.5
29.png,2.5
30.png,2.5
31.png,2.5
32.png,2.5
33.png,2.5
34.png,2.5
35.png,2.5
36.png,2.5
37.png,2.5
38.png,5.15.2
39.png,5.15.2
40.png,5.15.2
41.png,5.15.2
42.png,5.15.2
43.png,5.15.2
44.png,5.15.2
45.png,5.15.2
46.png,5.15.2
47.png,5.15.2
48.png,5.15.2
49.png,5.15.2
50.png,5.15.2
51.png,5.15.2
52.png,5.15.2
53.png,5.15.2
54.png,5.15.2
55.png,5.15.2
56.png,5.15.2
57.png,5.15.2
58.png,3.14.r2.7
59.png,8.15
60.png,8.15
61.png,8.15
62.png,8.15
63.png,8.15
64.png,8.15
65.png,8.15
66.png,8.15
67.png,8.15
68.png,8.6.4
69.png,8.6.4
70.png,8.6.4
71.png,8.6.4
72.png,5.11.1
73.png,5.11.1
74.png,5.11.1
75.png,5.11.1
76.png,5.11.1
77.png,5.11.1
78.png,5.11.1
79.png,3.25.n70
80.png,8.4.1
81.png,8.4.1
82.png,8.4.1
83.png,8.4.1
84.png,8.4.1
85.png,4.3
86.png,4.3
87.png,4.3
88.png,4.3
89.png,4.3
90.png,4.3
91.png,7.7
92.png,7.7
93.png,7.7
94.png,7.7
95.png,7.7
96.png,8.3.3
97.png,8.5.4
98.png,8.5.4
99.png,8.5.4
100.png,8.5.4
101.png,8.5.4
102.png,8.5.4
103.png,3.12.n6
104.png,1.21
105.png,1.21
106.png,1.21
107.png,1.21
108.png,1.21
109.png,1.21
110.png,1.21
111.png,2.1
112.png,2.1
113.png,2.1
114.png,2.1
115.png,2.1
116.png,2.1
117.png,2.1
118.png,2.1
119.png,2.1
120.png,2.1
121.png,2.1
122.png,2.1
123.png,2.1
124.png,2.1
125.png,2.1
126.png,2.1
127.png,2.1
128.png,2.1
129.png,2.1
130.png,2.1
131.png,3.24.n10
132.png,3.24.n10
133.png,3.24.n10
134.png,6.2.n70
135.png,6.2.n70
136.png,1.16
137.png,1.16
138.png,1.16
139.png,1.16
140.png,1.16
141.png,1.16
142.png,1.16
143.png,5.17
144.png,3.13.r3.9
145.png,3.4.n
146.png,3.4.n
147.png,3.4.n
148.png,3.4.n
149.png,3.4.n
150.png,3.4.n
151.png,3.4.n
152.png,3.4.n
153.png,3.4.n
154.png,3.4.n
155.png,3.4.n
156.png,3.4.n
157.png,3.4.n
158.png,3.4.n
159.png,3.4.n
160.png,3.4.n
161.png,3.4.n
162.png,3.11.n20
163.png,3.11.n20
164.png,3.13.r4.0
165.png,8.17
166.png,4.8.3
167.png,3.1
168.png,3.1
169.png,3.1
170.png,3.1
171.png,3.1
172.png,3.1
173.png,3.1
174.png,3.1
175.png,3.1
176.png,3.1
177.png,3.1
178.png,3.1
179.png,3.1
180.png,3.1
181.png,3.1
182.png,3.1
183.png,3.1
184.png,3.1
185.png,3.1
186.png,3.1
187.png,7.11
188.png,7.11
189.png,7.11
190.png,7.11
191.png,7.11
192.png,3.16.n1
193.png,3.24.n5
194.png,3.24.n5
195.png,3.24.n5
196.png,3.24.n5
197.png,3.24.n5
198.png,3.24.n5
199.png,5.8
200.png,5.8
201.png,5.8
202.png,3.12.n10
203.png,6.15.1
204.png,6.15.1
205.png,6.15.1
206.png,6.15.1
207.png,6.15.1
208.png,6.15.1
209.png,2.2
210.png,2.2
211.png,2.2
212.png,2.2
213.png,2.2
214.png,2.2
215.png,2.2
216.png,2.2
217.png,2.2
218.png,2.2
219.png,2.2
220.png,2.2
221.png,2.2
222.png,2.2
223.png,2.2
224.png,7.3
225.png,7.3
226.png,7.3
227.png,7.3
228.png,7.3
229.png,7.3
230.png,7.3
231.png,7.3
232.png,7.3
233.png,7.3
234.png,7.3
235.png,7.3
236.png,7.3
237.png,7.3
238.png,7.3
239.png,7.3
240.png,7.3
241.png,7.3
242.png,7.3
243.png,7.3
244.png,8.13
245.png,8.13
246.png,8.13
247.png,8.13
248.png,8.13
249.png,8.13
250.png,8.13
251.png,8.13
252.png,8.13
253.png,8.13
254.png,8.13
255.png,8.13
256.png,8.13
257.png,8.13
258.png,8.13
259.png,8.13
260.png,8.13
261.png,8.13
262.png,3.24.n50
263.png,3.24.n50
264.png,3.24.n50
265.png,3.24.n50
266.png,3.24.n50
267.png,3.24.n50
268.png,3.25.n20
269.png,3.25.n20
270.png,3.25.n20
271.png,3.25.n20
272.png,3.25.n20
273.png,3.25.n20
274.png,3.25.n20
275.png,3.20
276.png,3.20
277.png,3.20
278.png,3.20
279.png,3.20
280.png,3.20
281.png,3.20
282.png,3.20
283.png,3.20
284.png,3.20
285.png,3.20
286.png,3.20
287.png,3.20
288.png,3.20
289.png,3.20
290.png,3.20
291.png,3.20
292.png,3.20
293.png,3.20
294.png,3.20
295.png,1.6
296.png,1.10
297.png,1.10
298.png,5.3
299.png,5.3
300.png,5.3
301.png,5.3
302.png,5.3
303.png,5.3
304.png,5.3
305.png,5.3
306.png,5.3
307.png,6.7
308.png,6.7
309.png,6.7
310.png,6.7
311.png,6.7
312.png,6.7
313.png,7.18
314.png,5.22
315.png,5.22
316.png,5.22
317.png,5.22
318.png,1.18
319.png,1.18
320.png,3.6
321.png,1.2
322.png,1.2
323.png,1.2
324.png,1.2
325.png,1.2
326.png,1.2
327.png,1.2
328.png,1.2
329.png,3.24.n
330.png,3.25.n50
331.png,3.19
332.png,3.19
333.png,3.19
334.png,3.19
335.png,3.19
336.png,2.3.5
337.png,3.13.r
338.png,2.3.4
339.png,1.11.1
340.png,1.11.1
341.png,1.11.1
342.png,1.11.1
343.png,1.11.1
344.png,1.11.1
345.png,1.11.1
346.png,1.11.1
347.png,1.12.1
348.png,1.12.1
349.png,1.12.1
350.png,1.12.1
351.png,1.12.1
352.png,7.6
353.png,7.6
354.png,7.6
355.png,7.6
356.png,7.6
357.png,8.6.2
358.png,8.6.2
359.png,3.29
360.png,3.29
361.png,3.29
362.png,3.29
363.png,3.29
364.png,2.6
365.png,2.6
366.png,2.6
367.png,2.6
368.png,2.6
369.png,1.30
370.png,4.1.5
371.png,4.1.5
372.png,4.1.5
373.png,4.1.5
374.png,4.1.5
375.png,4.1.5
376.png,4.1.5
377.png,3.13.r5
378.png,6.15.3
379.png,3.14.r3.5
380.png,6.15.2
381.png,6.15.2
382.png,6.15.2
383.png,3.21
384.png,3.21
385.png,3.21
386.png,3.21
387.png,3.21
388.png,3.21
389.png,3.21
390.png,3.4.n7
391.png,3.11.n17
392.png,3.16.n
393.png,5.7.2
394.png,5.7.2
395.png,5.7.2
396.png,5.7.2
397.png,5.7.2
398.png,5.7.2
399.png,5.7.2
400.png,5.7.2
401.png,3.35
402.png,3.35
403.png,7.14
404.png,3.24.n80
405.png,3.24.n80
406.png,3.24.n80
407.png,3.24.n80
408.png,3.24.n80
409.png,8.14
410.png,5.6
411.png,5.6
412.png,5.6
413.png,5.6
414.png,5.6
415.png,5.6
416.png,5.6
417.png,5.6
418.png,5.6
419.png,5.6
420.png,5.6
421.png,5.6
422.png,5.6
423.png,5.6
424.png,5.6
425.png,5.6
426.png,5.6
427.png,6.4
428.png,6.4
429.png,6.4
430.png,6.4
431.png,6.4
432.png,6.4
433.png,6.4
434.png,6.4
435.png,6.4
436.png,6.4
437.png,6.4
438.png,6.4
439.png,6.4
440.png,6.4
441.png,6.4
442.png,6.4
443.png,6.4
444.png,6.4
445.png,6.4
446.png,6.4
447.png,4.2.2
448.png,4.2.2
449.png,4.2.2
450.png,4.2.2
451.png,4.2.2
452.png,4.2.2
453.png,4.2.2
454.png,4.2.2
455.png,4.2.2
456.png,4.2.2
457.png,4.2.2
458.png,3.16.n3
459.png,3.25.n80
460.png,8.5.2
461.png,8.5.2
462.png,8.5.2
463.png,8.5.2
464.png,8.5.2
465.png,6.2.n20
466.png,6.2.n20
467.png,6.2.n20
468.png,6.2.n20
469.png,3.13.r3.7
470.png,7.2
471.png,7.2
472.png,7.2
473.png,7.2
474.png,7.2
475.png,7.2
476.png,3.11.n13
477.png,1.20.2
478.png,1.20.2
479.png,1.20.2
480.png,1.20.2
481.png,1.20.2
482.png,1.20.2
483.png,1.20.2
484.png,1.20.2
485.png,1.20.2
486.png,1.20.2
487.png,1.20.2
488.png,5.14
489.png,5.14
490.png,5.14
491.png,5.14
492.png,5.14
493.png,5.14
494.png,5.14
495.png,5.14
496.png,5.14
497.png,5.14
498.png,5.14
499.png,3.13.r4.5
500.png,3.13.r4.5
501.png,3.13.r4.5
502.png,3.13.r4.5
503.png,3.13.r4.5
504.png,3.13.r4.5
505.png,3.13.r4.5
506.png,3.13.r3
507.png,3.14.r3
508.png,3.13.r4.1
509.png,3.13.r4.1
510.png,4.2.1
511.png,4.2.1
512.png,4.2.1
513.png,4.2.1
514.png,4.2.1
515.png,4.2.1
516.png,4.2.1
517.png,4.2.1
518.png,4.2.1
519.png,4.2.1
520.png,4.2.1
521.png,4.2.1
522.png,4.2.1
523.png,4.2.1
524.png,4.2.1
525.png,4.2.1
526.png,4.2.1
527.png,4.2.1
528.png,4.2.1
529.png,4.2.1
530.png,1.20.1
531.png,1.20.1
532.png,1.20.1
533.png,1.20.1
534.png,1.20.1
535.png,1.7
536.png,8.4.3
537.png,8.2.2
538.png,8.2.2
539.png,8.2.2
540.png,8.2.2
541.png,8.2.2
542.png,1.5
543.png,1.5
544.png,1.5
545.png,1.5
546.png,1.5
547.png,1.5
548.png,3.18.1
549.png,3.18.1
550.png,3.18.1
551.png,3.18.1
552.png,3.18.1
553.png,3.18.1
554.png,3.18.1
555.png,3.4.n8
556.png,3.4.n8
557.png,3.4.n8
558.png,3.10
559.png,3.10
560.png,3.10
561.png,3.10
562.png,3.10
563.png,2.3.6
564.png,3.24.n70
565.png,3.24.n70
566.png,3.24.n70
567.png,3.24.n70
568.png,3.24.n70
569.png,3.24.n70
570.png,3.24.n70
571.png,3.24.n70
572.png,3.24.n70
573.png,5.19.1
574.png,5.19.1
575.png,5.19.1
576.png,5.19.1
577.png,5.19.1
578.png,5.19.1
579.png,5.19.1
580.png,5.19.1
581.png,5.19.1
582.png,5.19.1
583.png,5.19.1
584.png,5.19.1
585.png,5.19.1
586.png,5.19.1
587.png,5.19.1
588.png,5.19.1
589.png,5.19.1
590.png,5.19.1
591.png,5.19.1
592.png,5.19.1
593.png,1.25
594.png,1.25
595.png,1.25
596.png,1.25
597.png,1.25
598.png,1.25
599.png,1.25
600.png,1.25
601.png,1.25
602.png,1.25
603.png,1.25
604.png,1.25
605.png,1.25
606.png,1.25
607.png,1.25
608.png,1.25
609.png,1.25
610.png,1.25
611.png,1.25
612.png,1.25
613.png,4.2.3
614.png,4.2.3
615.png,4.2.3
616.png,4.2.3
617.png,4.2.3
618.png,4.2.3
619.png,4.2.3
620.png,4.2.3
621.png,4.2.3
622.png,4.2.3
623.png,4.2.3
624.png,4.2.3
625.png,4.2.3
626.png,4.2.3
627.png,4.2.3
628.png,4.2.3
629.png,4.2.3
630.png,4.2.3
631.png,4.2.3
632.png,4.2.3
633.png,3.13.r3.5
634.png,3.13.r3.5
635.png,5.20
636.png,5.20
637.png,5.20
638.png,5.20
639.png,5.20
640.png,5.20
641.png,5.20
642.png,5.20
643.png,5.20
644.png,5.20
645.png,5.20
646.png,5.20
647.png,5.20
648.png,5.20
649.png,5.20
650.png,5.20
651.png,5.20
652.png,5.20
653.png,5.20
654.png,5.20
655.png,1.27
656.png,1.27
657.png,1.27
658.png,1.27
659.png,1.27
660.png,1.8
661.png,1.8
662.png,1.8
663.png,1.8
664.png,1.8
665.png,1.8
666.png,1.8
667.png,1.8
668.png,1.8
669.png,1.8
670.png,1.8
671.png,1.8
672.png,8.18
673.png,8.18
674.png,5.16
675.png,5.16
676.png,5.16
677.png,5.16
678.png,5.16
679.png,5.16
680.png,5.16
681.png,5.16
682.png,5.16
683.png,5.16
684.png,5.16
685.png,5.16
686.png,5.16
687.png,5.16
688.png,5.16
689.png,5.16
690.png,5.16
691.png,5.16
692.png,5.16
693.png,5.16
694.png,6.8.1
695.png,5.15.7
696.png,5.15.7
697.png,5.15.7
698.png,5.15.7
699.png,5.15.7
700.png,5.15.7
701.png,5.15.7
702.png,5.15.7
703.png,5.15.7
704.png,5.15.7
705.png,5.15.7
706.png,2.3.1
707.png,2.3.1
708.png,2.3.1
709.png,2.3.1
710.png,2.3.1
711.png,2.3.1
712.png,2.3.1
713.png,2.3.1
714.png,2.3.1
715.png,7.1
716.png,7.1
717.png,7.1
718.png,7.1
719.png,7.1
720.png,8.1.4
721.png,8.1.4
722.png,8.1.4
723.png,6.3.1
724.png,6.3.1
725.png,6.3.1
726.png,6.3.1
727.png,6.3.1
728.png,6.3.1
729.png,6.3.1
730.png,6.3.1
731.png,3.7
732.png,1.22
733.png,1.22
734.png,1.22
735.png,1.22
736.png,1.22
737.png,1.22
738.png,1.22
739.png,1.22
740.png,1.22
741.png,1.22
742.png,1.22
743.png,1.22
744.png,1.22
745.png,1.22
746.png,1.22
747.png,1.22
748.png,1.22
749.png,1.22
750.png,1.22
751.png,1.22
752.png,1.13
753.png,1.13
754.png,1.13
755.png,1.13
756.png,1.13
757.png,7.5
758.png,7.5
759.png,7.5
760.png,7.5
761.png,7.5
762.png,7.5
763.png,7.5
764.png,7.5
765.png,8.1.3
766.png,8.1.3
767.png,2.4
768.png,2.4
769.png,2.4
770.png,2.4
771.png,2.4
772.png,2.4
773.png,2.4
774.png,2.4
775.png,2.4
776.png,2.4
777.png,2.4
778.png,2.4
779.png,2.4
780.png,2.4
781.png,2.4
782.png,2.4
783.png,2.4
784.png,2.4
785.png,2.4
786.png,2.4
787.png,3.34
788.png,5.18
789.png,5.18
790.png,2.3.3
791.png,2.3.3
792.png,2.3.3
793.png,2.3.3
794.png,2.3.3
795.png,2.3.3
796.png,2.3.3
797.png,2.3.3
798.png,2.3.3
799.png,2.3.3
800.png,2.3.3
801.png,2.3.3
802.png,2.3.3
803.png,6.8.3
804.png,3.32
805.png,3.32
806.png,3.32
807.png,3.32
808.png,3.32
809.png,3.11.n8
810.png,8.4.4
811.png,8.4.4
812.png,4.8.2
813.png,4.8.2
814.png,4.8.2
815.png,4.8.2
816.png,4.8.2
817.png,4.1.1
818.png,4.1.1
819.png,4.1.1
820.png,4.1.1
821.png,4.1.1
822.png,4.1.1
823.png,4.1.1
824.png,4.1.1
825.png,4.1.1
826.png,4.1.1
827.png,4.1.1
828.png,4.1.1
829.png,4.1.1
830.png,4.1.1
831.png,4.1.1
832.png,4.1.1
833.png,4.1.1
834.png,4.1.1
835.png,4.1.1
836.png,4.1.1
837.png,3.13.r2.5
838.png,5.15.3
839.png,5.15.3
840.png,5.15.3
841.png,5.15.3
842.png,5.15.3
843.png,5.15.3
844.png,5.15.3
845.png,5.15.3
846.png,5.15.3
847.png,5.15.3
848.png,5.15.3
849.png,5.15.3
850.png,5.15.3
851.png,5.15.3
852.png,5.15.3
853.png,5.15.3
854.png,5.15.3
855.png,5.15.3
856.png,5.15.3
857.png,5.15.3
858.png,4.1.3
859.png,4.1.3
860.png,4.1.3
861.png,4.1.3
862.png,4.1.3
863.png,4.1.3
864.png,4.1.3
865.png,4.1.3
866.png,1.12.2
867.png,1.12.2
868.png,1.12.2
869.png,1.12.2
870.png,1.12.2
871.png,1.12.2
872.png,1.12.2
873.png,1.12.2
874.png,3.24.n60
875.png,3.24.n60
876.png,3.24.n60
877.png,3.24.n60
878.png,3.24.n60
879.png,3.4.n5
880.png,1.1
881.png,1.1
882.png,1.1
883.png,1.1
884.png,1.1
885.png,1.1
886.png,1.1
887.png,3.24.n45
888.png,6.2.n50
889.png,6.2.n50
890.png,6.2.n50
891.png,6.2.n50
892.png,6.2.n50
893.png,6.6
894.png,6.6
895.png,6.6
896.png,6.6
897.png,6.6
898.png,6.6
899.png,6.6
900.png,6.6
901.png,6.6
902.png,6.6
903.png,6.6
904.png,6.6
905.png,6.6
906.png,6.6
907.png,6.6
908.png,6.6
909.png,6.6
910.png,6.6
911.png,3.24.n20
912.png,3.24.n20
913.png,3.24.n20
914.png,3.24.n20
915.png,3.24.n20
916.png,3.24.n20
917.png,3.24.n20
918.png,3.24.n20
919.png,3.24.n20
920.png,3.24.n20
921.png,3.24.n20
922.png,3.24.n20
923.png,3.24.n20
924.png,3.24.n20
925.png,3.24.n20
926.png,3.24.n20
927.png,3.24.n20
928.png,3.24.n20
929.png,3.24.n20
930.png,3.24.n20
931.png,3.24.n30
932.png,3.24.n30
933.png,3.24.n30
934.png,3.24.n30
935.png,3.24.n30
936.png,3.24.n30
937.png,5.15.5
938.png,5.15.5
939.png,5.15.5
940.png,5.15.5
941.png,5.15.5
942.png,5.15.5
943.png,5.15.5
944.png,5.15.5
945.png,5.15.5
946.png,5.15.5
947.png,5.15.5
948.png,5.15.5
949.png,5.15.5
950.png,5.15.5
951.png,5.15.5
952.png,5.15.5
953.png,5.15.5
954.png,5.15.5
955.png,5.15.5
956.png,5.15.5
957.png,3.33
958.png,6.2.n60
959.png,6.2.n60
960.png,8.2.3
961.png,8.2.3
962.png,8.2.3
963.png,8.2.3
964.png,8.2.3
965.png,8.2.1
966.png,8.2.1
967.png,8.2.1
968.png,8.2.1
969.png,8.2.1
970.png,8.2.1
971.png,8.2.1
972.png,8.2.1
973.png,8.2.1
974.png,8.2.1
975.png,8.2.1
976.png,8.2.1
977.png,8.2.1
978.png,8.2.1
979.png,8.2.1
980.png,8.2.1
981.png,8.2.1
982.png,8.2.1
983.png,8.2.1
984.png,8.2.1
985.png,3.13.r5.2
986.png,7.15
987.png,5.15.1
988.png,5.15.1
989.png,5.15.1
990.png,5.15.1
991.png,5.15.1
992.png,5.15.1
993.png,5.15.1
994.png,5.15.1
995.png,5.15.1
996.png,5.15.1
997.png,5.15.1
998.png,5.15.1
999.png,5.15.1
1000.png,5.15.1
1001.png,5.15.1
1002.png,5.15.1
1003.png,5.15.1
1004.png,5.15.1
1005.png,5.15.1
1006.png,5.15.1
1007.png,7.4
1008.png,7.4
1009.png,7.4
1010.png,7.4
1011.png,7.4
1012.png,3.12.n3
1013.png,3.4.n2
1014.png,3.12.n5
1015.png,1.23
1016.png,1.23
1017.png,1.23
1018.png,1.23
1019.png,1.23
1020.png,1.23
1021.png,1.23
1022.png,1.23
1023.png,1.23
1024.png,1.23
1025.png,1.23
1026.png,1.23
1027.png,1.23
1028.png,1.23
1029.png,1.23
1030.png,1.23
1031.png,1.23
1032.png,1.23
1033.png,1.23
1034.png,1.23
1035.png,3.25.n40
1036.png,3.25.n40
1037.png,3.25.n40
1038.png,3.25.n40
1039.png,3.25.n40
1040.png,3.25.n
1041.png,3.13.r4.3
1042.png,1.31
1043.png,1.31
1044.png,6.2.n
1045.png,6.2.n40
1046.png,3.28
1047.png,3.28
1048.png,3.28
1049.png,3.28
1050.png,3.28
1051.png,3.28
1052.png,3.28
1053.png,5.4
1054.png,4.1.4
1055.png,4.1.4
1056.png,4.1.4
1057.png,4.1.4
1058.png,4.1.4
1059.png,4.1.4
1060.png,4.1.4
1061.png,4.1.4
1062.png,4.1.4
1063.png,4.1.4
1064.png,4.1.4
1065.png,4.1.4
1066.png,4.1.4
1067.png,4.1.4
1068.png,4.1.4
1069.png,4.1.4
1070.png,4.1.4
1071.png,4.1.4
1072.png,4.1.4
1073.png,4.1.4
1074.png,3.24.n40
1075.png,3.24.n40
1076.png,3.24.n40
1077.png,3.24.n40
1078.png,3.24.n40
1079.png,3.24.n40
1080.png,3.24.n40
1081.png,3.24.n40
1082.png,3.24.n40
1083.png,3.24.n40
1084.png,3.24.n40
1085.png,3.24.n40
1086.png,3.24.n40
1087.png,3.24.n40
1088.png,3.24.n40
1089.png,3.24.n40
1090.png,3.24.n40
1091.png,3.24.n40
1092.png,3.24.n40
1093.png,3.24.n40
1094.png,3.18.2
1095.png,3.18.2
1096.png,3.18.2
1097.png,3.18.2
1098.png,3.18.2
1099.png,3.18.2
1100.png,6.16
1101.png,6.16
1102.png,6.16
1103.png,6.16
1104.png,6.16
1105.png,6.16
1106.png,6.16
1107.png,6.16
1108.png,6.16
1109.png,6.16
1110.png,6.16
1111.png,6.16
1112.png,6.16
1113.png,6.16
1114.png,6.16
1115.png,6.16
1116.png,6.16
1117.png,6.16
1118.png,6.16
1119.png,6.16
1120.png,1.17
1121.png,1.17
1122.png,1.17
1123.png,1.17
1124.png,1.17
1125.png,1.17
1126.png,1.17
1127.png,1.17
1128.png,1.17
1129.png,1.17
1130.png,1.17
1131.png,1.17
1132.png,1.17
1133.png,1.17
1134.png,1.17
1135.png,1.17
1136.png,1.17
1137.png,1.17
1138.png,1.17
1139.png,1.17
1140.png,8.1.1
1141.png,8.1.1
1142.png,8.1.1
1143.png,8.1.1
1144.png,8.1.1
1145.png,8.1.1
1146.png,1.20.3
1147.png,1.20.3
1148.png,1.20.3
1149.png,1.20.3
1150.png,1.20.3
1151.png,5.21
1152.png,5.21
1153.png,5.21
1154.png,5.21
1155.png,5.21
1156.png,1.14
1157.png,1.14
1158.png,1.14
1159.png,1.14
1160.png,1.14
1161.png,3.11.n5
1162.png,3.11.n5
1163.png,8.2.4
1164.png,8.2.4
1165.png,8.2.4
1166.png,8.2.4
1167.png,8.2.4
1168.png,8.2.4
1169.png,8.3.2
1170.png,8.3.2
1171.png,8.3.2
1172.png,8.3.2
1173.png,8.3.2
1174.png,3.13.r2.6
1175.png,3.11.n23
1176.png,3.27
1177.png,3.27
1178.png,3.27
1179.png,3.27
1180.png,3.27
1181.png,3.27
1182.png,3.27
1183.png,3.27
1184.png,3.27
1185.png,3.27
1186.png,3.27
1187.png,3.27
1188.png,3.27
1189.png,3.27
1190.png,3.27
1191.png,3.27
1192.png,3.27
1193.png,3.27
1194.png,3.27
1195.png,3.27
1196.png,3.14.r3.7
1197.png,3.31
1198.png,3.31
1199.png,3.31
1200.png,3.31
1201.png,3.31
1202.png,2.3.2
1203.png,2.3.2
1204.png,2.3.2
1205.png,2.3.2
1206.png,2.3.2
1207.png,2.3.2
1208.png,2.3.2
1209.png,2.3.2
1210.png,2.3.2
1211.png,2.3.2
1212.png,2.3.2
1213.png,2.3.2
1214.png,2.3.2
1215.png,2.3.2
1216.png,2.3.2
1217.png,2.3.2
1218.png,2.3.2
1219.png,2.3.2
1220.png,2.3.2
1221.png,2.3.2
1222.png,8.23
1223.png,3.13.r3.3
1224.png,1.33
1225.png,1.33
1226.png,1.33
1227.png,1.33
1228.png,1.33
1229.png,3.30
1230.png,3.30
1231.png,3.30
1232.png,3.30
1233.png,3.30
1234.png,7.12
1235.png,7.12
1236.png,7.12
1237.png,7.12
1238.png,7.12
1239.png,7.12
1240.png,3.11.n9
1241.png,8.8
1242.png,8.8
1243.png,1.19
1244.png,1.19
1245.png,1.19
1246.png,1.19
1247.png,5.7.1
1248.png,5.7.1
1249.png,5.7.1
1250.png,5.7.1
1251.png,5.7.1
1252.png,5.5
1253.png,5.5
1254.png,5.5
1255.png,5.5
1256.png,5.5
1257.png,5.5
1258.png,5.5
1259.png,5.5
1260.png,5.5
1261.png,5.5
1262.png,5.5
1263.png,5.5
1264.png,5.5
1265.png,5.5
1266.png,5.5
1267.png,5.5
1268.png,5.5
1269.png,5.5
1270.png,5.5
1271.png,5.5
1272.png,6.8.2
1273.png,4.1.2
1274.png,4.1.2
1275.png,4.1.2
1276.png,4.1.2
1277.png,4.1.2
1278.png,4.1.2
1279.png,4.1.2
1280.png,4.1.2
1281.png,4.1.2
1282.png,4.1.2
1283.png,4.1.2
1284.png,4.1.2
1285.png,4.1.2
1286.png,4.1.2
1287.png,4.1.2
1288.png,4.1.2
1289.png,3.2
1290.png,3.2
1291.png,3.2
1292.png,3.2
1293.png,3.2
1294.png,3.2
1295.png,3.2
1296.png,3.2
1297.png,2.7
1298.png,1.11.2
1299.png,1.11.2
1300.png,1.11.2
1301.png,1.11.2
1302.png,1.11.2
1303.png,1.11.2
1304.png,1.11.2
1305.png,1.11.2
1306.png,1.11.2
1307.png,1.11.2
1308.png,1.11.2
